G96445.2	CCACCCCAACCTTTTAATAGAAAACATTTGTCACATCTAGCCCTTCTA
G86704.1	CCTACCTGGTCTTGCTGCTAATATCAACGAATCTACCCATATTTCATCCT
G23178.1	AACAACAAAACTATTCAAAAACTTCACTCTCTTCCCATTAAACTTGA
G96198.1	AAACCTTTCTCCTCTGGCCTCCCCAGCCAACCTCTTACAGCAGAC
G96198.2	TTCCAACCTAGAAGGACCGTTTGTGAACTTACTGCCTCCCCTGCTGCAAGAGGACTATCTC
G65321.1	GGCGCTGGAGGCTTTCAAAGGTGCTTCCCTCGCATCTCATCACC
G29378.1	AGCACCGCACCTCTGCCCGCCTCC
G117085.2	TCTGTTGCTGCTTCTCTATACCACACACCC
G86553.2	TCCGAGGACGACATTCCCAGCGTGGCCTTCGCTTCTCGGCTCGG
G78393.1	GGGCATCAGAAGTTGGGCCAGGGCGGG
G56666.2	ATTTGGACACTAGTTGCCAAGT
G89182.1	GTCGGAAAAAGAAGCATCAGGCTGAACCTAAAGACAAGCACCTGGGACCCGCTACGGCTTTCTTG
G56666.1	GTATGGCTGAGACTCATTCCCAGTT
G83266.3	GGCAGGACCAGCCAGCAGCAGCCCAAGCTTCCCTCCATCCCCCTTTACCCTCTTT
G55631.1	TGCTCTGGACTTATCACCCCAGGAGA
G6657.1	CTATACAATTTTAAAAATACTTCCTCATAGGATGCTTTGGC
G86553.1	CCTCCATGATGCCCACCTGCTCAGAACCATCCCTTCCCCG
G117085.1	CAAGGAAATTACTCTT
G10546.3	AGTGAGAGACTTACTCTGGGCCAAGTTTACCAACTCT
G69628.2	TTAAATCAAACGTTCAAGCCAACTTACCTCCTC
G41959.1	GCATCACCTTTTCCCTTTCATG
G31927.1	ACTTTCTTCCTGAGATTATCACACTATCCAAAGAA
G11044.1	CTTTTAACTTAAAACCACTAA
G10546.2	TCCCACCTCCTTCAACCACA
G34392.3	TATAAACTCAAACTTACCAACAATACACTG
G94577.1	CCCGCCGCGCTGGATCCGGACTGAGTGGCCGGGCCTGC
G2997.3	ACTCTGATTGGGTGCCACCCCCACCCCCAGTCCGAGAACGCAGCA
G112293.3	TTGAACTTGGACAGTGGCACAGAGATGCCA
G1468.1	CATATACTGCCATGTCAGATTCCTACTTACCCAGTT
G26610.2	TAGAGGTCCTGCCTCTTACCCATTCTCTATTTATT
G47698.5	GCACACCACATCTCCCTGGCCT
G98185.2	CTATAAACATCTATATCATAACTCTGAC
G78881.1	CCTGCAGCTGTGACTGGAGGCTTCCACCTTTCTCCTGCCCAGCC
G2717.4	CCCACTTTCTTCCCAAACTCATCCTAAATCTCTCAC
G10853.2	TAGATCCTTATAATCCCCAGAACTTTACAGCAACAATTCAGACTGCTG
G8718.1	TGACTCTCTAGGCTTCG
G79495.2	GGACTCTGCACTCCCTCTCCTCT
G56666.3	CTGGGGATTTTAGGGACCAGCGGT
G104209.4	TTGCCCTCTCAGAACCCTACCATTCACCATCAAACTG
G116339.1	CATGGACCCAATTTAACATCATCATTTTGACAGTCATCATCATTGTTGTGGTGCTGCTAATGGGATTTGTGGG
G39428.8	TCCAGCACCCCCTCTGGCTCCAGCTTCTCCAGTGGGCCCAGCCCCAGCTCACACGCTGACTTTGGCTCCAG
G112383.3	ATGGGACCCACTTTTTCCACCTGGGGTCCAATGTCGTGGACAG
G73379.1	AACAAATCTCACCCCTTCTCTCCTGCAAATTAGTGGACA
G26200.1	TTGCACACAGCCTCAGGCTCCACAC
G73366.1	CCTTTTCTGGCCATGAACCATTATAAAATCCCA
G104780.2	AAGGACCACCTCCGTTCA
G104780.1	CAGGAGCTTCCGCTACAAACAGACA
G26783.1	CCAGGACTTATTTAAACTCT
G45864.2	CCCACCCACATAAACCTTTGCAACCACTTCACTACCTCT
G39428.9	CATCTGCTTCACTCCTGGCCCCAGCTTCAGTGCAGACACTGACCTTGAGCCCTGC
G47698.4	CAGTAAGCCAAATATCTCT
G7732.3	CTGCTCCATCCATCACCCATTTACCCATCTCTCAGGACACGGAAGCA
G69146.2	TGCTTTCCTTGGAGCCAAATTTAAAACCTCTG
G59468.1	TATTTTCCCTGTGTATACATTCACTGCTGTCC
G76758.1	TCAGGCTGTCTTGCAGACTCTTTTGAGCCGAACTGATTTGGACCCCAGGGTGCTCTCAAACACTGGCTGGGGCCAAACTCAAATTAAGCAGGACAC
G46157.6	GAGCTGCTTCTGCTCCCTGGGGCATATGGACT
G108536.6	TCGCCCGGCGGCTCCCGCGGCGGCTCCCCGCACCACTC
G112293.2	AGCTCAATGGGCATCACACTCTT
G24807.3	TAAATTCCAAATACCAGAGACTGAAATTTTCAG
G31488.1	TGGTCACAGGACGATTTCACTGACAC
G96590.1	CCAAAAGAGACATTAAACCCAATTTTCCAAGCTGG
G39789.1	AGCAGCGGGACTTCCTGCCCC
G22274.2	GCCCTAAGGGATTAAGGCTCAGACACCTCTGAGAGCAGGTGGGCA
G69671.1	TCAAACACCATCCAAAGGACAACCTTATTAAGCTCG
G71146.2	GGATGAGAACATTCTCTTTCCTCGAGGAACTCAATCTACAGAAGGGTCACCAGTCTCAAAAATG
G38325.4	CCCTCTGCCCAGAGACTATGGAGTAAGGCATTCAGGACAAAAGGACCAAG
G1468.21	GGGTTCGGTCATAATGGGGTGGATGGTAATGGAGTAGGACAGTCTCAGGCTGGTTCTGGATCTACTCCTTCAGAACCCCACCCAGTGTTGGAGAAGCTT
G97386.1	AAACTCTTCCAACATG
G101307.2	CCCTTCTTGGATACCACAGCCAATTCAAAC
G29575.2	CACATTAAACTCACAGATTTCGGCCTCTG
G12823.1	ACTTTGAGCAGCACTCCTCAAAC
G96414.1	TGGACACCTCCTCAAACTCTC
G56250.2	CCTGCCAGAGCTTTGTTTTATATATTTATTCAT
G90172.1	CCCAGGACAGACTTCAAAAACACCCATTACTCCACA
G82723.1	AGTAACACATTTGGCCCAGGAACT
G3577.2	CATAACTATATACCATAAACTG
G70678.2	GCCAGACCTCTCTTTCCCTCTTCTCCCCAGCCTCC
G29873.1	CTGTCACCACTTTAGCTGTCTG
G50474.2	ACCGGGAAGAACAACTCTCATCCCACAATTGCTG
G59456.1	CCTCATTCAACACTTCATTATCCATACTG
G63768.1	ATTCTTTTCC
G63768.2	CTGCCTCTGGACTTACTG
G1468.22	GGTCCATTAATAACTATAACCCCAAAGATTTTGACTG
G96381.2	TGGACACCTCCTCAAACTCTCT
G8399.5	CCTCATCTTTCCCAAAACCCACTTTGTC
G48347.2	CCTCTTCTTACTCCCCATTGACCCTGTCTTCCTTCCCT
G5477.1	CTGCAGTAACTTTTCACCCCATCATTATACC
G39854.3	ACCCACTATTACTATCTAATATACTTTATCCAGG
G10498.1	ATGCATGCTTTCCTATTTCTAACTCTACACATAAACTTTTA
G92920.3	ATCGCCGCCTGATCTCCACATGGT
G30768.1	TTTTTCTACCATCTCCCA
G56076.1	GGTTCAGAGATTACCCAGTGAGGCCTTATTCCTCCCT
G56155.1	ATGGAGAGGGACACTTCCTGGCCCCACCTGCTAAATACCTCCAAAC
G11973.1	AATCATACTCAATA
G9379.3	TGTAAGTGCAATAGTTGACTTTT
G92111.1	ATTGCAAAACGTATCCCCATCATTACCTCAGCCAAAAC
G93011.4	GGTTAGGTTGCATTTCTACCCCATCCAGAACATTCTTGG
G84666.4	CTCCCGCCCTTCAGCCACTCCGGACACATCCTGCCCACTCCGACGCCC
G83544.2	CTCTGTCTTCGCCTGGCTGCAACTCAATTCTTCCTTCTA
G8683.2	TGGAAACTATTCTATCATAA
G74302.3	ACCCATATATTAGCATCCAACACCATGGACTCCCAAATG
G29575.1	TTCCAAATATTACCAG
G60760.1	TGCCCAGGACATTTTCCCAGCCACACC
G108385.1	TGCCTCCCTTGCTCTCCCTGAGGCTG
G2861.1	CTGCCCATAAATCTCTGCCTG
G44450.12	ACTGAGACTTGGAACCTCATTGCTACCACAGACTTGCACTGAAGCCGGACAGCTGCCCAGACACATGGGCTTGTGACATTCGTGAAAACCAAC
G108534.2	CCAAATGAGCGATTCGCCCGCTGGATCTAAC
G112515.2	ACTCTTCATTGGCTTAACCTAAAAACCAGAGGTGCTTT
G50451.2	CTTCATTTTATTCC
G96003.1	AATGTACATTTTTCTTCCCATTTTAACTTATCTG
G65164.2	ACTCACCTCTCCCTTCCCCAACCCTTCTCTAC
G52985.2	ATCGACCAGGACTTCTACGTCTCACCCACCTTCCAGGACCTCC
G108929.1	TGCTGGAAAAGCTAAAGGCCATAAACAACTATAATCCCA
G17309.2	GACTCTTCTCCTATATCCGCCACT
G60497.1	CCCCCCACCTCTGAGCACAGGGCC
G71955.1	TCCGTGCCCCCTACCCCGCCTGC
G14783.1	TGTCTTCTTCCCCAGGCCTCTGACTTCCCTCACCTCCCAACCATCATTACAGGAAAGAC
G97386.2	GACCAACCAACCATATACTGGA
G54998.2	CGTCCTATCAACTATAAAACTG
G55566.1	CAGGCCTGACCTGCTCCCTGCTCCGTGTCT
G69586.1	GTGGCATGGGGCCTTCTGCTGAACTAATGGCCTCCA
G9103.1	TTGGACCCATTTATTATTCACAGATGGGG
G15276.1	CCCTCCATGGAGTCATGGGCCTCGGC
G57772.2	CATGAACCTTCCGCTCCTGGCTG
G3782.2	CCCTCGTCTTTGACTAGGAACCGGACTCTTAATTTCCTCAGGACAG
G57268.2	CTCAAACCTTACTAAACATAACATAATTCATACT
G30949.5	CGGACTCTATGAGGGGCTCACATGGTTAACCTCTAACTACAAATCTTAATGAGCATTCTCCACC
G6757.1	ATAAAAAACTCCCCTTCCCTT
G90533.1	AACTCATCTTCTAAAATCTG
G33556.9	CACTCATCAAACCCTCTACTCCCCGGCTGC
G61690.7	GCCGCAACAACATCTTAACAGACCACTTCCAATACAGCCGGCAGAGC
G96705.1	TTTGTTCTGCTTCTCTTCATATAACTG
G37356.2	GATCAGAGAAGACTTTAAAACTCT
G92936.2	GGACGAGGGACACTGAGGAGAGGTGC
G52750.3	AGTGGATTCTCCTTCAATTCCTCAGCTTCCCCTCTGCCTCCAAACAGGGGACACTTCGGGAATGC
G20835.3	TGAGACTCCAGGACCCAATTCTCCACTTGCTC
G4021.1	GCCATGGAGTCCTCTTAAAGAGGGACGAGGG
G15533.2	CAACCACAAGGCACCTGAGGCCATGGCAC
G8939.2	AGAAGTCTGCCTTCCTTCTTTCCATTCT
G67259.1	AGCTTCAGAACTCACTAATACTACTGTACCTTTCATTGGCGCATTACCCC
G40269.1	GTATGGACTTGGACACTCATTATCACCCAGGCAATCTCCTTGCCACTCTCCTAGATCCA
G97836.2	TGACCCGATTCTTCCCCCATCCCTGCAAACCTCTTATGTCT
G12360.1	GAATGCAGGACCTAATATGCCCCAGGTGCCAAACTATAACTTAACATCATCAACTC
G11834.1	CAGTGTTCATTTTCAGAATACTTAAAAACTAAAAAACTAAC
G11827.3	TTTCCAGGAGATCTTTCCAACTG
G73893.1	CTGCAAGTGCAGGATGAGACTCATTCAGAAACGGCAGA
G3953.4	GCCGCCATGCTCCTGGCCCACTGCATCGTTTCATCTTC
G37617.1	GACTGAAACATACACACATAC
G18145.1	CTGCCCCCTCCAGACTTTCCACCTCCA
G62338.1	TTCCTCATGTCATCTTCGGTGGCCTGGATCCCTGAA
G70958.1	AGAAGCAGCCATGATGAAGCACCACACCCTCTACATCAACCTCATCTCCATCCTG
G101307.3	ACTGCTTTAGCACCTACA
G10855.2	GAGGAACACAGCCTTCTCCGGATGGATCCAA
G81394.7	ACCTGATGCCCTCCTACCCACATGGTTCTCCCACTGC
G10293.2	CCTATTCCCTCTTCTCACTTTGGGGACTGTTCCCATCA
G63325.3	ATTAGGGCCCGTTCACTTCTCCGCCTCG
G92920.4	GAAGCTGAGTCCAGGCAACTGCTTGGCCACTCCCGATCGCTCCTCCCTGGACACCCGGTTACCAAAGTCAGCAAAGAAGATGCG
G105408.1	ACCCTTAGCATGGAGCCCACCCCAAGG
G28336.1	TGTCAGTAACTGACTGGGGTGCACTGAGAACAGGCAAGACTTTAAATTCCCATAAAATG
G31498.1	ACCGACCCCGAGTCCCAACCGAGGAA
G17864.10	CGGTCAGCTCTCCCGCCTGGACCTCACCTCC
G80376.2	CGAGGCGCCATTATTCAAACCCCAACCCTAGGCCCCATCCAGCCTAC
G38908.4	ACAGCCCCCCACCTTACACATCTTGCCCTGC
G32903.1	AAATGACAAAAATAACATTCACTATA
G98598.2	TCCAGGACAATAATGTGGACCTGA
G94614.2	CTGAAGATGGACTCGGCCCCACATACACATTTTTGTGTTACAGTCATTGATGGACTCTATTTTTTTATTATTACTTGGACCTTGGTCGTTT
G110249.3	AGTGCCACAATTGTCACATGACCGGTACTGGAAGAAACTCTC
G72430.1	ACTTTGTGCCTGGCCCTCTGC
G104502.2	CCCGAACACAACTTCTGCACCTTGGACTCACACAGGGACTCATCGAACGCTTG
G116339.4	GTTATAAATAGTACTTTTACCCCTACAACCC
G50451.3	ACCAGGATGCACTTGACCCCCCACACCCATACAT
G52442.1	GCCTGACTTCATCATGCTCCCTGCACTT
G33393.1	GCACAGCGCCGTGATACCCCCGTCCTACCGCCCCACCCCAGACTATGAGACTG
G51902.1	CTTCAAAACTGACTTACTAATGCAGCAGGGACTTTTATCACTG
G67361.2	CTTTTTTCAAAA
G46230.2	CTGAGACCTTCCACCCCGACCCA
G4020.1	CCTCTACCGCTGCTGCATCCCCCGCTGGCCTCGAC
G57270.2	CAATTCTTAACAGACATAACATAATTCATACT
G28087.8	TGGAACATTCTGGAACTCTCTCCTTTC
G63495.1	TTCGACTCCTTTACTACCTCCGC
G23841.1	ATATTTACTTTTAGCTCTGGACATCATTACAAAAAGGAAT
G23358.2	TGTCATCTTCATCTTTGTCTTCCTCTGG
G55567.1	CCCGACCCACTGCAAATCCCCGTTCCCC
G48676.1	CCTGAACCCGGTGTCCCCTTGC
G21231.2	ATCCGCGTTTACCCCTTTCAACTCCC
G33569.4	TCCACACATCCTCCACCCGGGGGGGTGGTGGGCCACCCC
G12970.1	GGCCCTGCTAATGTGGACAGTAGACTTTAT
G49120.3	AACCCAAAACCCAGCTGGCCTTAACACTCCTTAAAGACAGAAGTCACACTTGAACAAAACCCACACACA
G40743.2	TATACCTTCTGCACAGTGGGC
G95195.1	TGGTCCTTATTTATTTAACTTCACCCGAGTTC
G30655.2	CTCCTCGCCTTTCACAGTCCCCTCCTG
G1468.2	CTTAACTTCTTATGGACAGCT
G37202.1	GTATCTGCCTCTTTACTAGTCTACCTTAGTGCCATCCACCAGCTTTACTCTCTGACACACACACGCACACACACACACAATTTTAACTTGTTTTTTTGTACATAA
G84666.3	ACCCCTCCTCCAGCCTCTCCTTCGGCCACCCCCAC
G114564.1	CCATGGTTGACTTCATGAACACGGACAATTTCACCTCCCACCG
G40005.1	GCTTTTGAATTGGCCTTGGGGACTACTCGGCTCTCA
G99196.2	CCCTGAGAAAAACTCCAAATCACTGTGC
G10519.1	GTACCTTTCCCTTCCCTTACCA
G29574.1	AGCAGAGGGCGCGGAAGCAGCACCAGAGGTGCCTGGCACATTCACTGGTGGG
G68920.2	TCCCATCTATTCATTCACCTTCTCTCTGACTGCA
G81368.2	CTGGCCCTCGGCGCGGGCTCCTTCCCGCTTCCCCCGACTTCACACGGCGGCT
G49248.2	GAGATCTCCTCGGC
G11173.1	CCAGACTCATTTAATCACCCCAATCCAGCTCCT
G8310.2	TGGACCTGGCATGTAAATACTCCATGAAAGCCT
G45995.2	GCTGCCTAGACTTCAAAGACAGGCT
G80828.2	ACTGACTATATCAGCAAAGTGAAGGAATAAACATAAC
G105374.1	TGCAAGGCTAAACTGTCATTCACAACTTGGCTACACATAGACTCTA
G11062.6	CAACTCCGCTGGAGACCTCTTCTACACCTCACGCATCGTGCGGCTCTGCAAGGAT
G11046.3	TTCAGCGTAACTTCCCTGATC
G40746.3	CATAGAGACTCAAACGGACTTCTTACT
G71547.1	CTCTGCTTCTCCCTCTGCCCCTCTCCAG
G69149.4	GCATTGTGGGCAATGGATTGGTCATCCTGGTCATGGGTTACCAGAAGAAAC
G56859.1	CACGAGGACACTTAAGACTCTCAACTCCACAGGCGCC
G10218.3	CACCACCAGTGCCAACAGCCTCTTCCCGGTTCCATTTCCCACCT
G84663.1	CTGGGGGCAGATTTGTGGGGACCTCAGCCTGCACCCTCTTCTCCTCTGGCTTCCCTCT
G117141.1	CAGGATCTCCACAGACCTCGGCCTCTCCATGTGAGGGGGACACAGTGGTGCTCTG
G66899.1	CAGCACGTGAGTCCCGTCGCATCCCCTCCCTCTTCCTGGTGGCCACCT
G100105.1	TGACCCCCTCTCATCCCGGAAGAAGAGGAAGAAGCAG
G17533.4	CGTCTTCCTCCTGCTAGTGCTCCACCCCCCGGACTTGGATGACCAGTTTCCCACCTTCCTCCT
G34134.2	GCAGGAAAGGGAGACAAAGACTGGCTTCTGGACTTCCTCCCTG
G99511.4	AACTCATCTACACCTTCACTGCC
G12486.2	ACTCAAATTCCCCACTCACCCATGGCTGC
G116922.5	CATCTCAAACTTGATCTCCATC
G94873.1	ACTGCAAGCCTCTCATTTTACCGGACACTAAACCCAAA
G33305.1	TCTCTACTTCCACATCTACTACACC
G66158.2	TTTAACAAACTTGGGCCTTG
G4824.3	AACTCCTACAATCATATGGACCCAGACA
G4020.2	TCCAATGGCCACCTGGACACCTTCCGCCTC
G84871.3	TCTCAGCCATTTCAGCAGCCCCGTCAACCGCTGCTCCGTC
G44010.1	GCTGTGGCCGCTGTCCAGAGTGCCG
G116374.2	TGTACAGAGGTGTGGCAG
G21399.1	TCCTCAAATTGTTTTCACATCTCTTACCATAAAAACTG
G9120.1	CTGGGACACACATGTCTGAGCC
G36378.1	GCCTCTAACTGCCCACTCTGATATG
G8940.1	TTAACCCTATTCACCCACAGAGGCT
G114826.3	GCCCCTGCACACCCTCATGTCACCACACC
G73020.4	AACACTACTTATTACTCAATGCCTGGT
G100261.2	ACTAAGCAGTTGTCACTCTGTTCTTCACTCCTACCAAATAC
G84637.2	TGGAGGCCCCACCTCCCTGGGGCTCCCAATCCCCTTTGCCATCTCTGCTCTCACTGGGGACCCTC
G116374.3	TATTTGTTAAAATGGCTCGATCCTCAGACTTTACTCACATGCTG
G17864.14	GGAAACGTGCGCCTCCCCGCCCGGCCTGGCCGGCCGCTACTTCTGGGC
G37607.1	CCGTCTTCTGAGACCACAG
G57773.1	TCCTGGCTCCGCCTCTTCCATCAGGACCACTATTAAGCCATAGGA
G36378.4	AGTAGTAGGCAGGAGGCCAAAGACTTCTGAGACCTGGGGCACCCGGGCCTTTGCGGC
G67389.6	TCTCGCATAGGACCTTTCCACCACAGCCAGCACCTGGCATCGCACCATTCTGACTCGGTTTCTCCAAACT
G20611.1	TTTAAACACGCCGAACCTCACCATATGGAGC
G8940.2	TCAGTCTTCCAAACAATTA
G17309.1	ACGCGTTCTCCGCTGGGCCTG
G14897.1	CTGGGGCAAACTTCTCTTCAGCCCCATGGATCCTTAACC
G80384.4	AAGCCCCCACCCTCCTCCAGCATGCCACTCATTCTGCAGGAG
G102341.2	AGTGACAAACTTTCTGA
G30929.1	CTTCGGCCATTATAGAGAGGCCAAATTCTCCCAGACCAAAC
G4562.2	AGTGACTCTGCTTTAGACAAGCCC
G26575.1	ACTTCTCCTTCTTTTTTGCCC
G73893.2	AATGGGGAAGACTATATCT
G12146.1	AGGAAGATTCTGACATTGACTTAGCTCTAACAATATCACCA
G35049.2	ACATCATAAAGACATACCACTATCTATATT
G70629.1	GGCCTCTGTTTCCTTCTCCCTTTCTTGGCCCTCCT
G116922.6	AAGCGCGCCCGCTTCGAGGACTTCTGCCCGGACTCGTCCCCGGACGCG
G60227.1	GTCCAGGGGCTTGGAGAGACCTG
G92197.3	GCTCACTCTCCAATTGACCCGCCTGG
G7309.3	CTTCCACAGACTTCTCAGAACTC
G28086.2	GGCACCCACCCCTCCCATCTCCACCCCACATGGAAGACT
G8501.2	AAAAAGACTGTCATTCATACCAT
G113786.1	GTGCTGGGGCTCATGGTGCTCTGAGCTGGCCTGGACCCTGTCAGGATGGGCCCCACCT
G44450.9	TGACCATAATCCTAGCCCCGAGACACCATCCTGAGCCAG
G3606.1	TGAACTAAGCTTAAAACACGGTA
G29232.1	CCATTTTTCCAGATGG
G43802.6	AAGCATTGTTAAAGACTAATGTCCTC
G67722.1	TTAAAATGCACATATAGACACATACACCCAAACAC
G91894.1	CTGACACCCATTGGTGACAAATATGACCCCCATGA
G74898.2	TCTTCTCCCTGCCTGG
G104324.3	AATTCTTCTTATTTCCCAGATCATC
G71342.2	ATCTAGGACCTCCTCCTCCTCCTCCTCCG
G99682.1	AACTGGGACTTCCGAGGCAACTTGAACTCAGAACA
G95581.1	GCTGCTCTACCGCACCGACTTTTTCCCT
G92920.2	AACACAACACTCCCACCAACACC
G10858.2	TCTAAACATTCAACGCATAGACAATTTCAGTGTGGTATCCTATTTGCTGA
G6466.3	TCTGTTTAGAGGAAGGCCCCCTACCTCTTCCACACCCTGCCCTCCTATCCCTTCCACACC
G39428.2	CAACTCAAACTATGCTACCAGCCCCGGTTCCGTCACCTC
G84787.3	CCTTGTCTGGGCTCATCA
G79498.3	CCAGCAGACACACTGGGCATGGACCCCTCAAAGCAGGCACACCCAAAACACAAGTCTGTGGCTAGAACCTGATGTGGTGTT
G35425.1	TCTCAACCTTATCCATCATTTCTG
G29576.1	CCGGATGGAGGTCTTCCCTGAGCA
G98765.3	AGGACGGACAATTAACGACCAGGACTTCTTTTTATATACAGCCCGTCAA
G116339.3	GCAGACTATCTTTTCAGTAAGCACT
G91938.2	GAACCTAATTCCTAGTGTG
G55297.3	TGGGCAGGTGACCCAAGGAACCTTTCTGGGAACACCTTCTCGCCGGGCTG
G102055.5	ATTGTATGATTCTGGGAATTCTTTGCTTTCCTTTCCTTCTCCCTCGGCACCACCTCCTCTCCCCAGGCCTCCCTGTCGGGCATGGGGAGGAGGTTGGAGCTC
G75547.1	ATCCCCTGACATTCCCAGGGTC
G3953.5	CAAACTCTTAAAACCCAAGT
G62969.5	TGGAGGGTTTAATTTTGGGGCTCCCTTCCAACCAGCCACAAGTACCCCTTCCACCGGCCT
G102393.1	CAGAACTTTATTTCCTGTAATCAGCCTGTA
G83266.1	AGAGGGGGCCTGGGACTTCCATGCCTTAAACCTACCTCCCACACTCCCAAG
G119172.1	TCATAAAGAAATAAAAGATAACAAAAAG
G101591.2	CTTAAAAAAGTGACTGCACTTCCAGGAACATCATTTCCCTAC
G46981.3	TGCAAACACATTTACTTCTCCTCTTATGAGAC
G11046.2	AGATACACCTCCTCTGAC
G104778.3	TCACCCATCAAGACTTACCTACCATCTTCGGGTCCATAACAGCACTG
G71343.4	ACTCTTTACTTGCAGTAGG
G7008.1	TCTCTCATCCTTTTGGATAAG
G90732.1	CAGTGAGACTGGGGCCACTACATTTGCTCCATCCTCCTGG
G34393.2	GTCCACACTTTTACCTTCCCACAGACT
G27629.1	TCTCTGCCCCCTCGCTCCCAATTCCTAGTCGTGACTTCATTTCTAAAACAGA
G47226.2	TTTCCAAGTTTGGAGACTAGACTGAAACTTTTTTG
G92202.2	CTGGACCCCCTTCTCCTTTCCTTTCTTTCCTTCAGGTCACG
G23356.1	CTTCTCCCTGACTTACTCACTATGCTGCTTAACCAAACTCTCTC
G43024.3	CATTGACTTCTAATCTTCT
G58876.1	GCCACCCTCCATCCAGGACCTCACGGACCACGACCTCTTCGCCATCAAGCGGACCAT
G52982.1	AGCCACAGATACTTCTGAACCC
G84637.1	TCCCCTTCCCACCTGCT
G29375.8	ACCCAGCACTGTGGTTGTTGAGCCACACCAGTGGCCTCTGGGCATTCGGCTCAACGCAGGAGGGACATTCTGCTGGCCC
G6046.1	GGAGCCTCTGCACTGCCACTCTG
G116125.1	CACCCGGGGCCCAATTACCCATCCTTCCTGCCCGATCAGATGCAGCCG
G106090.4	AGAGAGTGAAGACTCCCCTCTTCCCATCCTCT
G40103.2	CCCCCACACTACTACACTCCACCCTACCT
G3782.3	AGCTGGCACATTATC
G81386.1	CATGTCTCCTTCACAATCAGGCGTGGGAATATCTGGCTTAGGACTGTTTCTCTCTAAG
G68139.2	ACTCTCATCTTCTCCCCCGCTCCCTT
G110249.2	TCACCCAGTGGATGGAACATCCTGT
G51647.2	ATGAGTGTGCCACTTTCATTGGACCCTG
G34250.2	ACCCTGTGGCTCTGATCCCCCATTTATCCAC
G69589.1	CCCTACAGTGACCATATCACCTCTCCCCACACAAC
G26785.1	CAGACATTGGCACCTAATCCAGGCAGATCCAGGACTATA
G74302.6	AGCGTCTAGCACCATGGACTCCCAGATGTTAGCAACTAGCTCCATGGACTCCCAG
G34043.1	ACTTTTCACC
G35234.4	CCACCCCCACATCTGGGCCCATTGGACTGCGGATTCTCGCTCAACAGCCCTTGTCTGTGACCTGCTTCAGCCT
G117337.7	TTCTGTGATGGGGGCGCGGACACCACCCCTAGGCTGGCTTCCTGGAC
G111236.1	ACACATGCCTCTCTCCCACTTT
G29847.1	AGTTGCTGACTTCTGACTCTCCTCCCCATAATGACATTATGACACCAG
G21727.2	TTATATTAGCACCAAACTTCTACAAACCAAGCTCAGGGCCCCAACCCTAGAAGGGCCCAAA
G58858.3	AAATACCACACCTTCCTGCGCTGCCG
G77666.2	GCCCACGGCACATCAATGACTCACCCTTTGGGACTCTGCCTGGCT
G73299.3	GCTGGTTCTTCCCACCACTT
G836.1	CTTTAGCCCAAGGACACATCACCAACCCATGGA
G67828.1	TGGTTGTTTGGTAGAGTGCATAGGAGTTGAACATATTTTGGCTATAG
G58365.1	GGCCTGGGAGGACGATTTATTATTACACTGGG
G17864.9	CCATAACCTTATTGACGCACTG
G115752.2	AGCCACACAACCAATCTCTGCTT
G71978.1	CAACTTTTCTAACGACTGAGTT
G29900.5	TAAAAAACAATAGTAC
G113196.1	AAAATGAAACGAAAAGGAAGTCCCCCCATCAGACT
G30768.2	CTATAATAACTACC
G106090.3	CTGTGCTCCTTGGAACTTATGGCCCAATCT
G9510.1	GCCCCGATGGCAACATTAACTCAC
G103807.1	GTGTGGGAAAGGATTCAGTCGGAGCTCCAATCTCG
G1730.3	CTCTCATTTATTCCATCTCA
G83963.1	TAGCATCGAATCCTCTGGAAAGGCATGTCATACCAGTTTCCTCAAGTGACTTCAACAATAAACATCTCCTT
G99683.3	TAATCTGACTTCGGAGCCCTCGGACTACGCTCTGGACCTCAGCACTTTCCTCCAGCA
G85338.1	TCAACAAACTAAAACCTCTGGAGGA
G93922.2	CACAAGAACTTCACTCAACCCCGTGCCAGGACTCAGCAGTGGCCTGGACAACAGCC
G9754.2	CACTCCTTTGCTTCCTCCAAGACTTACCCAACTC
G63699.2	AGACCCGTGTCCCACAAGGACCCCACCGGCCTGCCTGGCATCTG
G514.3	TCCTCACCTAACGGACTGCAGGGCTGAGCATGTGTCTGAGGTCACACTCTCTGCCCACTCACCTCCTTGGCTG
G4824.2	GTTCACCAATTCT
G96384.2	ATCTACACATTTCTGCACGCCTCTTCCTCTGAGCCTCTGT
G48731.1	TCTTGACTCCTTCCTGCTGAGCACTGTGCTACCTTCACTGCTCCAAAGCCAG
G12989.2	ACTGAACTTTTGGGGTGGAGACTA
G70568.1	GCATAAACCCTCCTGTCCTGGACGTG
G71147.3	TGTACTTGAGTGACTCACTTAGAAACTTGAACA
G23508.1	CTCCCTTTCTCCCTCGCTCCCCACCAACTCTCCCCTAATCACACACTCTGTAT
G93783.2	CACTACATAAACTGACTTTATCCTCAGACTA
G51109.1	CCTGCAGCTCTTTCTGGACCTTCAGGCACCCCCAAGC
G27797.3	CACATCCTTTTCTTCAGACCACTCTCCACAGTC
G104780.3	CCCTCATAACTGGGCTTGAAACTTCTGGCCTG
G29210.1	TTATGCCATCTGTTCGGACTATGCCTTTCTCAACCAGGCGAC
G80382.1	AAACTGGCCTTCGCCTTTGGAGACCGAAA
G29063.2	CAGGCGGACCATTTAGATTTAAATTCCACTTCAATTAAACCAAC
G87346.1	CCCACAGCAGACTAAAATTACTTCAGCTTTCAAATACATTAACA
G40005.9	GCCCCCTCCCTCCCTCAGCCCCCCAGTCCTCCCTCCATCTTC
G61801.4	GTGCCCTTCCCGCCGCCGCCACCCCC
G98765.2	CTACAAGCCTGGCATGC
G47424.2	ACTTAAATGCCTTCTTATCCAATATATCTTCTCAGATGGGA
G103629.1	CTGCACCCTTAGAAACTTCACCGTCTTCAAACTCCATTT
G94579.2	CTCCCACTTCCCAC
G19002.3	TCTGAATCCCCTCCTACCCCTGTGGCCATCCTGCCATACATCCAGGACATTGAGTTGGA
G111499.2	GGAACTCCATGCCTTCCTCGCCT
G21954.1	CACTGGATTCCACCCATACACACTCT
G53324.1	CTGCCCACATTCCTGCCACCCGACATCAAAGCTGGCGTGTGACCTTTCCAGCCATG
G3717.1	GAGCCCCCAGAACTTCAGAACTGT
G65679.2	ACCTTCTATATCACTGCATTCAGGATTACATCACAGACCTGAC
G114533.3	CTGAATCACATGACCTAGCTGCACCCCAGCG
G7012.1	GACTTTATTTATTTCTAG
G6946.4	CACGCCACTGCTCTACATCTCCACCGACCTCACACACCTGCAGGACCTGCGGCACACGCTGCACCTCAAGGCCATCCTGGC
G40230.2	ATTGTTGAACTCCTCTATACTCCTGGGCAC
G104007.1	CCCCAGGCTGGAGATGGAG
G77712.2	TCTGGAACCCTTCCTGGAACCCTCCCTACTCTG
G101574.1	ACTCTCTTTATGAAGGACTCACATGCTCTGACTGTTCCGT
G21646.1	TGCCCTCCCCCACCCCTCTGGGCTCCAACATTCCACTGCA
G56604.1	ACAGCAGCTTTGTACACGAAGACCATCCATCCTCCCTTCGTCC
G108392.1	TTAACTCATTTGGACACCATAACTCATGCAATAAAACTG
G103917.2	ACATCCGACACTACCTTTC
G69391.2	TTAGGGCAAAAGCTCTCCATATCC
G114564.15	CAAACAACATACTAAAGAGGCGAGGCAATGACTGTTGGCCAGTTCTCACCGGGGAAAAA
G72916.1	GACAAACTCATCCCCCTCCTCAGACACTTCCCAGGTCAAAA
G6468.2	TCGGTGAAGACCAGCAGA
G108137.2	AAGCCTGACTTTTTTCTCTGATTACCTTG
G87007.2	ACTTTTAATAATATCAAG
G42142.1	CACCAGGCTATTACTTGTACTCCCAGGGCCTCCT
G111152.1	TATGCCAGCATCTTTGCACGGACAAATATGACTTC
G40857.1	GCATAGACTTGGACCCAACCAAACCCG
G73917.3	GACCCTCCGATTCCATACCTCACCACCTACGGACAGCTCAGTAACGGAGACC
G40740.2	CAGACTCTTACAACACCACCGA
G59932.3	GGGCGCCCCGGCTACAGCCCCTGACTCTGCC
G52905.2	GCTGTCAGACCTGGGCGGAGGCCCCTTCCACGCGGTGCCGGCGGGGC
G22084.1	CATCACAGACACGGTCTTAGCCACCTGCTGAACTAATCCCTCCG
G7056.1	GTCCTCCTCTTGGGTCTTCTCCAGGCTC
G116374.4	CCTCAAACTCCTTCCCCTGGAGCT
G24063.4	CCACAAACCCCTACCAGGCGCACAGAGC
G103928.1	ATTCCCATTTCTCCTCGGCCATTGTA
G95582.4	GCAAGTTCCAGGGCTACTACAAGAT
G114826.2	CCTTGGAACATAAGCTCT
G62969.4	CTCACTTGCCACCCAGACTCCGGCCACACAGACGACAGGCTTCACTTTTG
G18176.1	CACCAAAAACTATTTCTTCAGCCCCTTCTCTGGCCCAGACC
G107291.1	ACAAATCACATTCTGTCCAGATTCCTCTTGTAAAATAACCCACTAGTGCCTGAGCTCA
G92920.6	CGCTGAACAACTCCCCTGG
G32451.1	CCTGGCAATTATAGCTACTCCCATCCCTTACCT
G37182.7	CAGAGGGAGACCCAGGACTGAACTCTCCA
G6466.5	GGGCATCCTCAGACTATCCCAGAGGCATCGCAAGCCTCAAGCTG
G44450.11	CTGTGGGCTTATGTCTCTGCCTTAGGGTTTGCAGAGTGG
G39456.6	TCCCACCACTGCTAGTTTGTCC
G29940.3	TCATAACTGGCTTCTGCTTGTCATCCACACAACACCAG
G29900.11	GCTGTGTGCCTTTCCATCCCTTCCGGCTCCCTACCCCTCA
G21048.5	TCCGGGCACCACTGCACCCTGAGA
G65164.1	GTCCCCACAGTTCCAATGT
G92189.1	TTAAATTATTGATAGTTCATCTGGATTACCAAAATCACTCTGCAGCCCT
G34419.2	TGACCCTGAGGATTTCTCCTCCTG
G85253.2	TCAGGGCCCGTCTAAACTGGACATCCC
G114564.10	TTGTAGCTCCCTCCTCCTGGAAGCCAAGGGCCCACGTCCTCACCACAAAGGGACTCCTGT
G3782.4	CTACCTTAGTTCTT
G106521.2	CTGCCAGTCCATCCACAGACTC
G45864.4	CTCAAATAGCACGGATTTCCTGGATGAGCTACCAC
G50412.2	CACACACTCACCTCCTCCACCCCGGT
G29900.8	GCCTCTCTCCTCTCCTCCCCCCAGGAGGA
G29937.1	AGCCTTACCCATTTCATCACCTACAACGGAA
G73491.1	GAACCAACCAAACTAATGCACAA
G86907.2	AGAAGCACCACGAGATGGCCAGGACATTTGTCCACTTAAACTC
G55673.2	TCATCTCTTCCTTCCACAAACTGTC
G71546.3	CGCCCCCGGCGGCGCCGGCAAAACTTTGGCACT
G63992.2	ACCCTTTCCTCCCCCAGCGT
G99683.2	GCCTTCTAACT
G116337.1	TGACGACGCCCATACATAACTACAAAGCCTA
G74302.13	TGTTAGCTTCTGGCACCATGGATGCTCAGATGT
G96237.6	CTCGCACTTCGAGTTCCCGGACTACTGCACGCCCGAGG
G1468.23	GAGGACGATATTCACCGTTCCATTAAGTAT
G80117.1	CCTTCACTCAGAGTTCAAATCTGACTGTACATCAAAAAATC
G63000.3	TGCACAAGGACTTGGCTGCTGAGCCACACACCCAGGAGAAGGTGGATAAGTGG
G80399.1	AAAGGCCTTCCAAACAGCTC
G49763.1	CTTTTGGTTCTTACTGGGTGACTTTGACTTAATTTAACACCTG
G74432.7	GGACGTTAATTTGACCGTCTACTCCAATCCCCGCCAAGAGA
G76823.2	CCAAGTATGCCAACTCTAATCCACAACCCATCCCTGGG
G11697.5	CCTCCCGGACTCCTCTCTG
G79329.2	TCTCCCCATTTCCATCCATTACCCCTTA
G60118.1	GCGGCCGAACACTTCTCCATCATC
G115752.1	GGTAAATTACTACTGAGTAA
G62967.2	CAACCTCATCTGCCACCACTGGACTCTCCCTCTG
G81108.2	ATCCTCCACCTTTCCGAAAGCTTCC
G109793.3	AACACCTGTCTTTCCCTCAATGCTGCC
G29900.6	GTTCACTGTACAAATTTGACAACTGTCACCAAAA
G97678.1	CATGAGCCGGATTCACGGAGGGGCACATTTAAATAACT
G103814.2	TGAACAAACATTTATTGAACATCCT
G75451.1	CTGCTCACTTTTAACTG
G113188.1	GCCCTTATCTAAACTGTGGGCTG
G59931.2	GACTCCGCAGCTTCTGACACAACTCCCCTGGGGGCTGCGGTAGGCGGGCCTAGCCCGGCCTC
G52865.2	TTTCTTCCTACTCT
G21231.1	CACCGGACACATTTCAGAGGAGAGAAAAAAAG
G35055.1	GGCTAATGACATTAACTACCAAGACCAG
G56360.1	CCTGGACGATCTGCACAAGA
G63855.2	ACCCCGCACAACATCCCTCACCACTCTCCCCC
G57433.2	GTCTGACTTTGGATTCGAA
G92195.3	TTCAAACTGTTGGAGAACAGAGTTGGCCTGCATCTGGAACACA
G38746.2	CTGGACCATTCACACTCACCCATGGAGACTTCCGAGACCCAGTTTGCTGCAG
G61746.1	CTATTTTTTAAAGACTG
G106521.3	CTGTGGCTCCCATCACCT
G2860.1	CTTTAAAGACATTGGCAGAGTTGGGCTAGAA
G20612.1	AACTTTGTCACCATGATGGGCATGGGGGTGGCGGGCAT
G32933.1	TGTCTCATTCCCAGGCCTG
G29721.1	GGGGAGGAGGAGGGATGTGGGCATTTT
G95252.2	CACGCATCTCCGGCCGC
G47892.1	TTCTTCTAATTGAGACTGACTC
G83682.2	TACCTGGTTCCAACTCCAGACAACCACTATGCCAGGCCCGGA
G96656.1	CGGGTAGGCATATTCCTAGACTATGAGGCCGGCAC
G97532.1	GAAGAAGCAGCCCATGACAGCTCCCCTTCCTGGGAC
G54208.3	ATCTGCATCCCAAGTGGTAGGACTCAATCAAATGGT
G71893.1	CAGCCTCGTCTTCTGCACCTGTCCCCCACT
G102393.2	ATTCCAAATGTACAGAGCTGGACTACCCTA
G35604.1	ACGGACCCGGAGCCCCCGCATATCAGCAGTTCACCCAGTACTCCTCAGAGACTGGTTTCCCTC
G72137.3	CTCTGTGGCTCCCCTGCATCAGCACCGTCCCACCACCAAGT
G97258.3	CCAGCACCCATCTGAGACTGACCTCTTCCGGGCCTTTGGACAC
G56604.8	CCTGTGGCCAGTACTCGGGACAGACTAAGGGCGCTTGTCCCATCCTGGACTTTTCCTCTCATGTCTTTGCTGCA
G8396.1	TGGAACCCTTCTGATTGTCTTAGACACTG
G5698.3	GTGTCACTTCTTCTCTCTG
G24063.2	TCTGACAACCCTCAGACT
G39131.1	GCTTCAGCAACTCCCTGAGCCAGTCACCG
G38907.2	TACACCCTCAATCTACGCGTCTTCTGGCCCCTGGT
G4248.2	ACACCTATAGCCGGGGCCCTGCCTCTGACTATGGCCCTGAGC
G86459.1	TGTGACATTCTATAAGGCGGACATTACCTTA
G10884.1	CTGCACCCCTTCCTCTTCTCTTTCT
G868.1	TCTGACATTCCTTTTATTAACT
G21564.1	TCTTCTCTCAACCTTGGCCTTCTCCCCTCTTCTGAGCTAG
G52982.2	CTTGGTTTGGGGACCTGCAAATGGGAGGCCTGAGGCCCTCTTCAGG
G97004.5	CGACCATGGACATTCACATGAGG
G97840.1	CACCTGCATCCAAGAGCATGCTTACATTTTACTGTTCTGCATATTACAAA
G61054.2	CCTACAATAGGTTTTATCTACT
G92409.1	CAGTAGGAGAGCACGTTCAGAGGGAAGAGC
G31136.1	AGACTCTGCCCATTCAAACGGTAACGGCCCCAGACCTTCACAACCACCCCGCAA
G108294.1	AAAGCTGCCCTCTCCCTCTC
G7269.1	ACAAGGGAAGCCCCACTGATTTACTCCCTCTCTTCCCCACTC
G71146.1	GATCGACCACTACTCAGA
G102086.1	ACAACCACACACATTTCCCTCTGGACT
G44591.2	ACTGCACAATTCCACCTGCCCAGGAC
G50548.2	GTGCTTGGGCCTCTCCAAGCCCT
G92198.1	TATGTGGACATAGAGTATACCTGATTCTCTTTCTTCAGCCAC
G78823.2	TTAGCCCAATTGCCCTGC
G50679.4	GCTAACTACTGCTGC
G78657.1	TCTGACCTTCCTCCTTCCATGACCCT
G42232.1	AACCTTCTCTAAACGTCAGGCCTGGACTTAAAAGATTTTT
G116087.2	CCCAATTGACTGGATAGAGGAATACACCACAGG
G40556.1	CCTGCCACCTTTTCACCAACTGGACTCCCA
G53479.1	GGGCTCTCGGCTACAGACTTCTCCCCACCCC
G22595.5	GCTTCTTCCTCTTTGGGATCCTCTTTTCCATCTGCTTCTCCTGCCTGCTGGCTCATG
G29094.3	CTCACCACATTCACCTGGACAA
G15799.8	CTTTGGAGAATGA
G114823.1	CCTTCAATCAAGACCTCCCATTGCTGA
G50681.2	GTGGACCCTATTTAAACCACCCCC
G49946.1	ACTTATTTATTG
G10240.1	TATATCCAGTGACTTACATCCTTCCCATAACCCTCCACCTG
G107291.2	CCCCCCAGGGCCTTAATTTT
G76060.3	CTGACTGTATTCTCTGGCCACATTCAAGTCCCCCAT
G56708.1	TCTTCTTTTTTAACTG
G78487.1	GGTCCTGCGGCAGCTGTCACCCCTACCATCCATACCACTG
G112339.1	CTATAAACTTGTCACCTGT
G65322.1	ACTCAACAAAATCCGATTCAGAACCCAG
G45995.1	TGGAAGCGCCTGATTACTGTCCACT
G46157.2	CTCCCATCCTGTGGAACCCGCCCCATTGGCCACCCCAT
G121977.2	CTGTCTTCATTTTTATTTTTAAGCC
G17033.1	CCCCAGTTCTGGCCATTAACTCTTCCCCATCCC
G104046.2	ATTCAAATATTTAATGGGTTGTACTCTGGCCATTCAGGTGAACAAAA
G114752.2	GGACCACTGTGCCAGCAATAACAGCGTCACCCGTC
G88429.1	CTCTGTCATCAACATCTCAAACTGCCACAGCACTCACTGTG
G21651.7	GGCCAGGGACCCTACCAAGCCATGTCCCAGGACATGGGCAATA
G27849.2	CCCCTTCTCGTGTTGTCATCTTT
G52907.1	ACCGCGAACTGCCTCACCGTTACTTTCAAG
G33556.8	CAGAGACCACCACTACCTGGG
G94788.2	CCCTGTCTTTCTCTCTGGCCT
G86006.1	TCGTCCACCTGCCTCGGCCT
G20488.1	TTGTGGCACATATTGGCTCCTCTTTTCCTGGCACCATCATTTCCCGGGT
G34005.4	TCCTCCCTTTTCCTCCTGCTTCTCCTTGTCCTGCCTGGAGG
G88595.1	ACCTTACACAATTTTGACTGGAAAAGTTCAGCAAACT
G27810.1	TCGCCAAACTCTTCCCTGTGTAAGCTGGAG
G47417.1	CACCCCAAGAGCATAGACCTGGACAATTACTTCACTG
G23634.1	CTCCTGCCTCATCCCCTTCCC
G78559.2	ACTGACCTTGACTGAAAAGACCCTTCCTGGAC
G88163.1	TCATACTTAGGAATTTCTCCTACTTTACAC
G104023.1	CTTTGCAGGATGGAACTACGG
G110583.1	GCAACCATTTCCAGGACTAAATAATAATG
G8071.2	TTAGGATTTGCCCCTTCCCATCTCTTCCTACCCAACCACTCAAATTAATCTTTCTT
G108136.2	CAGCCCGAGGACTTACCATCCACAATG
G117139.3	TTTCAGCGTCATCCTTGAACGCAGGATCCGGGACCTTCAGACCCAGGGAAA
G116837.1	AGCGTACCCTCTTTCATCAACCATCCACTG
G97531.1	ACCAGGAGTTTGGGGAGCTT
G107164.1	TAAGGCAAATGCTTCCAATTCACCTG
G99134.1	TAGATATATATTTCCCCCTATGGGGCCT
G61546.2	GCCTGTCTGCCTTACGGCCAGTC
G52907.2	ATATAATTATCACCGAC
G70943.1	AAAGAGGAGGAACACTGGATTCTTACTTTCTGGATCTTGACACTGGGCTGCAAAACCTACCTTCCTC
G91458.5	TCACAGCCTTGTGATCTGGATGCCCGC
G39520.2	GTGGGCGCCCATTTGGGACTGCGC
G34004.1	CTTGGACCTTTTCAGGAGTGGCGCGGATGTTACAGGAAATG
G78823.1	CTGCCTGAATACAGGCTTTAGGTTCCCCTGGA
G78834.1	CGGCGCGCCCAAATCAGGAAGACTTCTGCCTCTA
G101911.2	ACAGACACACTCACGCCCGCCACCTGCTCCCCGC
G47430.4	TCTTAGAATTTCTTGCGCTTTGATTTTTTT
G61746.2	GACTCTGGCTTCTCTCCTCAG
G664.2	ATTCACTTTTACTGCTT
G24711.1	CCAAACTCTTTATTACTTTGGGAAGTCA
G68104.4	TGTGTCTGCCGACGACCTCCTCAAAACTCTGGCTCCT
G62338.2	ATCACATCATGGAAATCATTCTGGGGT
G67849.2	GGCCCCGCCACACCGCGCTCTTCCTCCCGGGACT
G32933.2	ACCACCACGTCCTACAGCCCCAGTGTCC
G23390.2	CCTCCAGAACCTCCAGCTTCAGGCTGTTCCAAACT
G45982.1	TCCAACTTCTTCCAACACTCC
G68594.1	CTGCTCTTCTGGACTCTTCTCTCAGG
G2377.1	CACATCTACACACAAACAAACAATGCATAGGATTCCAAGGCTTTAAAG
G118956.2	CTCAAGGCGCACATGAAGGGCCATGAGCAGGAGAACT
G54407.2	CTCTGCCGGTTCCCCCTGGAG
G20783.2	CTGCTCCGCCGGCTCACCTTGGCTGCCCAGC
G106722.2	TGGAAATCATCTTTGGCTGCCAAG
G13184.2	GCTGGGAACTTCTAAACACTTCATTCTTTATATA
G40026.1	CCTAAAGTCCATTGCAAGAAATAC
G42953.1	TTGCACACCAGCTCGTCACTGCCTGCCCTACCCACCTCTGTCCAGTCTACACACCCA
G40111.1	TTTATTGCCCCCTCCTA
G83005.2	TCTGCCAGATTATAGTCTGGGGCCTCACTACACATCACA
G49832.3	CTGATGCCCTGTCCAATGTGAGGACTG
G34204.2	TGTGCCCTTGCTCTCTAACTTCTGAGCC
G17864.8	CGGCGCCATGCCTGCCCTGCACACCCTC
G21730.2	CTGTCTGCCTCTTCAAAGTCTC
G104324.1	TCATCAACTTCTTTG
G674.2	CTCATACCCCCAAAGGACACTTTCAGCGACAGCTATGGACAGCATGG
G58747.2	CCCCCAGCCCCTTCCCCACACAGCCCCAGAAG
G52370.2	GAACCTCAATAGACTCCATTGACTCAGGAGT
G62724.1	TCATCTACTTCCTCTTCACCCGCAAAAAC
G73364.3	TCAGACACATTGGGACAAACCCTGGACAGCCATGCCAGAGAGAG
G77697.2	ATTTTCTCCACCTCCACCTGC
G63902.1	TTCCACCCTGCATACCTACTTCCCTTCTTTCCTGTC
G59660.1	TTTCATTCAGAGCTCTCACCTCATCCGGCACCAGAT
G71862.2	ACGCCCCCAGACAAGTCTCGGCCCCTCTTCTTCCACTCCGTCCCCACTCAGCTC
G117485.1	GTCCGGCTCCCCCAGCTCTCACTCAGCCCGGGAAGCAGGAAGC
G30949.2	CGGCCAGGACAAGATCCGGCCGCTCTGGCGGCATTACTACACTGGGACCCAAGGTCTCATCTTCG
G72133.2	TTCCTCCTCCTTCCATTTGACC
G96397.1	GGACTATGGGGCTGACTGATGGGAATAAG
G94502.1	CTAGACAATGGCGATTATGGAGAAC
G34249.1	AAGTATATCCTGGACTTCTCCCTCTTTGCCTACCCA
G114540.2	CTGTCACCTTCATCTCTTCAAAAGAAAAGCCATAGCCGAGGACTGTCCCGCGACCCC
G69146.3	GCCCTAGCTTTCTTCCACTGTT
G105328.2	TCTTATAGACTGTTAAACTGT
G115712.11	GACTACTACGATGAGGACTAC
G121533.2	CTGTCTTTTCTTTGCCATCTCTG
G7309.2	TTTTTGAGCAGGGC
G94579.3	TCGCAAGCCCCAGCTCACCGCGCCGCGG
G44452.3	ACTCCGGTTCCCCGCAACCCACAG
G44452.4	TGCGCAGAGGCCAGTTAAAGTAGATCACCTCC
G45864.3	TGGGTCTCGTGGG
G74302.12	GATTCCCAGATGTTAGCATCTGGC
G28566.1	CTTGGAACATTCTGTGACCGCCTGATGTCCATTCTG
G10546.1	GGACTCAGACAAATTGAGTGGGCTG
G82928.1	TTGGCTTTTATTGCCTGAACCTTATGCTGAC
G77919.1	CCTTGACTATTACACTGCCTG
G1468.13	CCAAAACCAGCATCTTGGGCTGAT
G63795.1	GCCCTCCGTTTCCATCCCT
G11313.2	TGGCCTCCGCTTCCTCCTCCTCCGACTC
G84868.1	TTCCCAGGATCTCGGCTGCCTTTTCCTCTATCTT
G12765.1	CAGGAAACAATCTGGGCAAAAAAGAGGCAGGCATTTCAAAGGAAGGGGCAAGGA
G92407.1	CTTTGGTGAATTACGTGCCTCCATAACCTGAAC
G71546.2	TCAAGCAGCTGCCCGAGCCCCTGCTCGCCTCCTCCGGCCACTGCTAGCGCGGCCCCCGCG
G2717.1	CAGCCGCTCAAATTTCCGGACCACCGCG
G18069.4	AGCCACAGACCACCTGCTTCTGAACTCAAGCT
G50160.1	TTGTGGACTTAGACTCAAA
G6650.1	GAATGGGGTCAATACCACCTACCTCACAGGGGT
G15534.3	CTGCTGTCCTTTCCCCAACGTACTGGGTCCCGAGCGTGGTGGGTATTTGCCACACTGGG
G38913.1	TACCTGTCCGTCAACATCCATTCATTAAACTACCTACTACCAGCCA
G78828.1	TGCCCAGCTTGAGACCTGTTCCCATCTCTATTCAGGTGCCA
G51048.1	GGCTGATGGGGTCCGCCCTCCTCACTGCTGA
G17864.12	TCTCTCGTGGGCGTGATGCAGAGGCCTCTCCCGCCCCCCT
G17864.11	CGCTGGCTCCGGACCCGC
G62450.1	GCCCTGGGTACCCCTCTTCTCATCACTTC
G60140.2	AAAGCACAAATCCTCAGGACGGGCT
G29102.1	ATTGCCTGTCCATACACTCTCTCATCATCCTGTTC
G9378.1	GCTATGGAGGAGGACTTTTAGATTTAGTGAAGATGG
G104326.1	GCTCAGACTTTTCACACAAGAATAAT
G15799.1	TTCTTTCTGACTCTATCTGGCAGCCCG
G55566.3	CTCCCCGATGGTGGCGT
G78060.1	CTCTGCCCTTCCCACTCAGATCTAG
G45105.2	ACAGGAAACAGCAAACAGTGGGGTGATCTGCAGCCCAGAGACCTTCAAATGCGAA
G2997.2	GGGTGCTCGGGATAGGACACCACCCTTACTATACAGAGATCGTGATAGGG
G1390.1	CCCGAAGCCACACCCTCCCTTTTCC
G108705.1	ATGATTTCCTCCATGGACTGCAGA
G15487.1	CAGCAAAGACCATCTTTCATAAC
G109793.2	TGACTCCTGAGCCTGGGCAGGTGGGGACCCCGC
G84787.2	CTCCCTATCCCAGACT
G45001.1	TTCATCTTCTACCTGCTCGCCTCCGTCCT
G29902.1	GAGACTGACATATGCCATTATCTCTTTTCCAGTATTAAACACTCATATGCTTATGGCT
G29900.10	CCAAGGGTTCTCTCTCCTGCTTGCGCTTAGTGTCCTACAT
G61615.1	CCTCGGACCTTCACATCTCACCC
G120076.2	GTCTTCATTTTTATTTTTAAGCCATCG
G71544.1	GGGCAGCACCACGACTTCCTCTCCG
G20304.1	CCAGGGGAAAGAACCTAAAGACTTCGTGTGATTGGGAGGGGTGGCAGACAGGAAGAAAACATGTCCAGGCCCCT
G8402.2	TTAGCTGTGTGACTCTGGGTGAGTCCCTTAACCC
G17652.2	CCGGCAAGCCCTCAGACTTCGGAGCCT
G46906.2	GTTTCTCTTCCATCCCTAAACCACTTCCTTAAAATG
G25584.2	TCCGGCCTCAAACCCAAACCAGCTATGATGCCAAA
G56162.2	AGCCTCAGAGGCTTACTCTAACCCATCCCAGAATAAATGGAGACTTCATG
G38908.2	TTCCAGTCGCATCTGCAGCGCTCCTTGGCCA
G38909.3	CTGACCAAATGCTCCTAAAGCCTTTCCCACTGGGTGGG
G76844.1	GGAGGACACATCTAGCTGCCATTGCAACCTCA
G90942.2	GTACACCTTTATCACTCCCTGCCG
G110009.2	GCGCAAGGCCCATTTTCAATACCT
G26420.2	GGGTATGGCACTACCTGGACAGCCTGGTGGCCCCTTCCTTAATACAGCTC
G5113.1	CAGATTTTCTCACAGACCCTTCCCAATTCCATCACCACTGC
G45231.3	CTTCCTCAACATCCTGGCCTT
G38787.1	ACTGTGGCATCCTGCACCCATCCTCACCCCTCCGTAGAGCCC
G10919.1	TGGGGCCAGACCTCTTTACACACACATTCCCGTTCCTAC
G78069.1	CCCTGGGACCTCGGACTTGGGCTTCCCTTTGGACATGACCAACGGGGCAGC
G114334.3	GCCATTCCTGGGTGAGTTCAGGCCTGCGGGAGCCACACATTCATCTCCACCTGGACACTTGAGCCGCATGGC
G31972.2	GCCATCTGCATCACATCTCTCTGGACAAGCAGCTATTACCA
G3703.1	CCGTTCTTTGCACCAAAACGCCCATTCTTCCCTCCCAGGTACTG
G117662.1	AGAGGAACACACCCACACCAGGCCTCAGGATTTTG
G108385.2	TGGTGGGGAGGATTAGGCTGCAGAAGGGCCAACCCCTTGCAACAGGGC
G6356.1	CCTCTTCCCTGCCGCCCGCCACCGGCCGACCGACCG
G38066.1	TCACCCACATTCTATGACTGGAATGCTGCAAGCCTCTTCCAGAGGGAG
G61075.2	AATTTCTGTATTCCTCACCCCACC
G59294.2	GCCCCAAGACCTTCACCCACTCCTCCAACCTGC
G64689.2	TCAACCAATCCATTAACCAAACAGTT
G106978.1	GTGAACCGCCTCCTTGGCTCCAGACTT
G48202.1	GACAATCGGAATCCTGCCTTCACCACCAT
G75782.1	GCTCCCTTGCTTCCACATATCACTGCCA
G33489.1	ACAGACCTTCACTTTCTGCATGTAGCTCTGAAGCT
G67728.1	CTCTGTCTTGGGCTACCACATTCCCAAGGACACT
G62862.3	TGCAACCACACCATTATGACCATTGGCACCTTCGGCTTCTGGGCTGCCTACCTGGCTGGCG
G115714.3	GGCAGGACTTGGACAAACTTTTCCACCGGCTCCGCGTCCGCCGCTCCCCGCGC
G107179.2	CAAAAACATCATCTACCGCTTCCTGACCTTACCTGACTCCCTGGG
G56155.2	CAACACAGGACTTCCCTTAACAGTTTC
G11698.1	TGCCTCACCTCATTCCAACCGGACCACAC
G57610.1	GCAGAACCCCGGGATCGGATCTCAGACTCTAAACCCCACCGT
G25045.1	CTCTGCCCTCCCTGCCTCTCCTCACCCTCCC
G85816.2	TCCATTTCTCTGGCTCCGGCCCCTCCCCTGCCTGGGCTGTGC
G38324.2	ACCCACGCCGTGGCGCTCCAACTTCCTTCCCTGCCT
G4499.1	CTGTCTCTGAGGCATAAAGTGCCCGTGCCCCAGCACCTGCCGGAAGACCTGA
G67198.2	GAGCGGCTGTTCTCCATGGCACACACGGTGGCTCT
G29633.1	CATTAATTTCCTGTTAGCATTGGCAATGAC
G55375.3	CTGACCACAACTTTGGACACCCCAGG
G35884.1	CAGCATCGCCATCGCGCTCAAATCCTTCGCCT
G74302.5	ATCCAACACCATGGACTCCCAGAT
G11590.1	GAGCAGCTGTTGAACACTGCAGAAATCTCCCCCGATAG
G11590.2	TCTGCTTCTATGCCTTCTA
G112362.1	ACACTTGCTGGACAGTGCCAGTTCCAG
G25607.3	ACTAATAGAAACTTGGCACTCCT
G111153.1	CACTGTGGCATTGTCTTTCTGG
G106863.1	CCTGGACCTCAGGCCCGCTCCTTCACTGGGGG
G42489.2	GACTTGTCCTTACTGTGGATT
G68946.1	CTGGCACCCCTCTCCTCGGACCCCAGCC
G1468.6	CTTCTCAGCATGGGGAAATAACAGTTCTCAGGGACAGTCTACTCAGAGCTC
G108930.2	ATTAAATACTCTATCTGGTGTAGTACT
G43882.1	AATTTGAGCAACTCTCTAATTTACTGAACC
G73587.2	ACCACCCACGAGCAGACGGACGGAGCCACTCTGCACCAGACTCTCATCCCCACG
G59461.1	CAGATCTCATTCAACACTCC
G41276.1	AGGGCGCTCAGGCCTCACTAAACACA
G3320.1	CCAGGACATTGTGACTGTCGAGGACTTTGATG
G119772.1	GGTCCGGACTTTAACAAAG
G37097.1	GACCTCACTCTTCTCTCTCTTCCTGGAACG
G7521.2	CCTGGACTACTATAGCGGGGACAGCA
G116086.1	CTATCCATCTCTAAATGTCACCAGCTTTGACTC
G40746.4	CCTCTGCTCAGTCCTATG
G40565.2	TCTTCTCTCTGCCCTGCCATCGGCTACAGGTG
G82844.2	TTACCCAACCTTCCACCACTG
G21532.1	ACACATCTAGGAGGACTCTTGGCTCTTCA
G35677.1	ACTAGACAACCTGCCAGCATCAGCTTGGCATTCCACAGACT
G70793.1	CGACACCAACGGACTCTGAGCCCCGGACT
G89396.2	TGCAGCCCCATGTCTCCACTCCCTGCCC
G26577.1	TCCTCTTGGCCCTTCCCATATC
G43517.1	TATGGCGGCCGGTTCTCTTGGTGGAAATCTGACCCCATTTCCAAGGAACCCATC
G92835.1	CCGCACCCCCTCATCCCCTCTGACCACTTCTCACTTTTTGCACAACTGG
G20998.2	TGACTGTGCAGACTCT
G23997.1	ACATCTATATCCAAGTTACCTCCACCTTCTAGCTCA
G99876.1	CTCCTGACTTTACCCCCACCTGGCCCT
G65624.1	TCCCTCCCTCTGCCAAGGACTCA
G31038.2	TCTATCCTACTCCCAGTAATCCTTTC
G69391.1	GTAGAAAAAATCATTAAC
G38862.1	CTGTGGCATCCTGCACCCATCCTCACCCCTCCGTAGAGC
G78068.2	ACCGCTTGCCCATGGTGGCTGGACCCCTATCCCCCCAACT
G13700.1	CTCAGGACTCTATTTAAATGCTGCTTTTTCTGC
G80705.4	GCACTGTCTCTTACAACATCCTGG
G49817.2	CATCTCCTTTGTCCCCCACATCCCTGACACATACCTCCCGGCCCCC
G35222.1	TGGGAAAACTCGGCTCTACATCTCACCCAGAACGGCTTTTAG
G7103.1	AGGTGCCTTTCCCGGAAC
G58881.1	AGCTGCCCACGTTGCCCCCGCCCA
G31359.1	CCATTGACTTTTCCCATCTC
G44449.6	CTCGGCTAGGGGTC
G34957.1	CGCGCTCGCGGCTGCTGCTGCTGGAGCAGGAACTCAAAACCG
G21956.1	AGATCCATATTGACACAG
G22191.2	GACTGACCTCTCACCTCCGCCTGTT
G14896.2	CCCGTGCCTGGTTTTGCGTCTGTTCCCCTGAGG
G100903.1	TGACTGCTTGATTGGGCTCTTC
G44376.2	CCATTTCTGGGCAAACTTCCTGTCCTAATAATGTGCAAATAAGTGTGCCCCCTGCAATAATAAACCCCCGGA
G81562.2	ATAAGAATTCCTCATGTACTTG
G72492.1	ATGGACGACTTCACCGCCTCCAACGGCTGGCTGGACC
G35929.1	CCACAACTGCTTCATCTCTGCCAACACTAATTTTTCCC
G14766.2	CAGATGTCAGATCCTAGAGCTCCTATACCTCG
G49832.2	CTCCACTTGGAGTCTGGATGGACACATGGGCCAGGGGCTCTGAAGCAGCCTCACTCTTAACTTCGTGTTCACACT
G17533.3	CAGTGTGTGCCTTTGGCCTCT
G41483.1	AAACAGCTGTGATCGGAC
G51705.6	TACTACTAATAGGCGCGGCGCT
G40591.3	TCCTCCAGATTCTGCTGCTTTCCAGTTCTCTGTTGATCCTGAGACTAACAATT
G15534.4	CAGCTGCACCCTACACTTCTCACTCAGGTGCAC
G87434.2	TCCCAAAAACTTACTG
G78830.5	CTCCCTCTTGCTGGCATCCCGGCCTG
G78836.3	GCACCAGGGCGCGGATCCCGGGGGCTCTGCAGATCACCCCGCCCATCTCCTCAA
G78820.2	TCCACACACTCCCTGTCCACACACTCCCTGTCCACAAC
G78825.2	AGCTGCCCCTGTCTGAAGGGTCTTGGCTTGATTGCAGAAGGACAA
G90936.1	AGATCGCCATTGTTGCCCCCGAAGCCCTTCTAG
G55563.1	CCCCGGCGGTGGTTGGAACACTGAATTACAGAGCTTT
G55572.3	GGTTGCCCGCCTCCTCCAGAGACTTGCCCAAGGGCCC
G38801.1	CACATACTAATATAAATTA
G12188.2	TGAGAAACACTTTCCTGGAGCTGC
G60526.1	ATCCACATCCCTCTCCATTCCTGAGCGGT
G58858.2	TACCATTCGCTCCA
G71707.2	CCTCTCCTTGCACCTTCTCCTGCCTCTCCACACTCCAGGTTC
G63695.1	CTGCGGCCGCTCTCCTACCC
G72503.1	CTAACTCCATTACACTCTCTCTCCTGGAGCCTCATCTCCAT
G37185.2	AGCCTTTCACTCCTCGGTC
G98551.1	CTACCCCCAAATATACCTAACAATTCTGGAC
G108367.2	CTCACCCAGGAGTGCTACGATGT
G108703.2	TCATCGCTCCTCGACAATCC
G35001.1	CCAGTGAACATTCCCAGCCCAGCCCCGCCCCGCCCCGCCCCAC
G71005.2	ACGCCACCACCCACACCCCCAGAGCAGGACAAAGAGGACTTCAGCAGCTTCCAGCT
G34131.2	GAAAATGCAGTTTTCAAAAACAGACTCAGCATTCAGCCTC
G51963.1	TCCTTGGATAATTCCCCAAGAGG
G29900.9	AGCTCCTCACTGGACT
G114774.2	CTGCGGCCGGTACTCCTGCCTTCTCCCCATCTATCCCCAAGG
G58476.5	ACTTCCTGTTGGTCTGTCTCTTCCCACCTTCCATCTG
G52874.2	CTGCCATCCTCTGGCTGC
G11828.1	AAGCTCGTATAATGGCTTGCCTTCCAATGTTTATG
G69148.1	TTCTACCCCAATGACTTG
G55335.1	ACTCGTGACAATCACAAACTTGGCGGCAAAG
G8402.1	AGCCCGGGTCTCTTCATTAGTTG
G4067.1	TGCCCCACGCCTCTTCCCACTTGCCTGGACTGTGCTGC
G44797.1	CAGCGGCTACCCACCTTCCAAACCACTCAGGACAGTA
G5979.4	CGCCCCTCTTCCTTCCAGCTTTCACT
G115712.15	TTCCCGGCCTCGGCCGCCTCTTTCTCGTCG
G90438.2	CCAACATTGACTTTCTTCATCACTGCA
G83604.4	CTGGAGAACCTCATCAGCATCATGGAACAGATGCGGGACGAGAAC
G38908.13	GGACGCATCCTATCCTCATATGTGCTCAAGACAGTGCTGCTGGCAGTGCTGCTGC
G56363.2	GGGACACGCCTTCTGAACGTCCCCTGCCCCTTTACGGACACCC
G56255.2	AGTCACTGGTCACCCTTAATATTTATTAAGTGCCTGAGAC
G103702.1	CATGGGCGACCTCACACCTCCCTCCCTGAGTTCTGCTCTGACATAAGGAAGTCC
G113937.2	CTGCCGACATCGGCCTCCTGCAGAA
G21732.4	TAGCCCCGAATCACTTCAGCTCCCTTCCCTGCCTGGACCATTCCCAGCTCCC
G21732.3	TAGAGAGAAGCCTCCTGCTCCCCTCGCCTGCACACCCCCTTTCAGAGGGCCAC
G72821.2	TTCCTCCATTTCCACTCC
G69395.1	CTCATTAAATTCAG
G9125.1	CTCAGACCATTCTCCCAGCCTATCATCC
G72069.1	TTCGCTGCACTTCCTGCCAAACTTTGCCCCCACAA
G17672.1	GCTGCGTTCCTTTGACACGGTCATT
G81100.1	ACCTCCTCCTGTGCCTCTGATGACTTTGATCAGGCTTCA
G70695.3	ATTGCAAACTCCTCTTCTCACCT
G14049.3	ACCAATAACTTGTACATATTCCAGGACAAAAT
G18446.1	ATGGCAGGGATTCCAGGGCTCCTCTTCCTTCTCTTCTTTCTG
G3755.1	AATTTAGACCCCAAAAGTGTCCTCGGCATGGATCTTGA
G60829.1	CCCTGGACTTTGGCCCCAGTCCCTTTAAG
G90960.1	AATGCACCACGGACTTCGTGTCCCTGACTTCTCACCTGA
G18995.1	ATCAACAGCCTGGTCAACATCTGCCTCATCGGCACTCAG
G47789.3	GATGAAGGAGACTTAGACACAAACTCTTGGCCTGCTC
G86120.2	GCCCTCCTTCCCAGCACTATCATGTGTCACGTTTCCCGGACTCTGCCCCTAC
G29940.2	AATGGGACTGATGTCATCTTG
G73917.1	CTATCAGCACAGGTTCAATTTTTTCCCTGAAAA
G5237.1	TTTATGTATAGACACACCTCTACCAATCC
G45630.1	ATTCATCAGCTCTCATTCAACATC
G39595.2	GTCCCAAACTTCTCCCTAACCT
G42848.1	GGCCGCGCCTTCGCCTACCCCTCGGACCTGCGGCGCCACGT
G114752.1	GACTGCAACATTCACTCCA
G113188.2	TGGAGAATTTACGAGCGCCCGGG
G1284.1	GCCAGGCAATGACTTTGAGATGTCCAAACACCCAGG
G48391.1	AGCTGCGTTCATAGGCTGGCACTCTCAATCCTACATCAG
G73548.1	CATAAAGCGCCATTGACACTGTCACCT
G54660.1	ACAGTCACCCTTCTCTCACCCGTCCTCCCTGCTC
G102260.1	ACAAAGGACCCGGGCGTGGGGATGGACAGAGACTCCCACCTCTTGTACTCAAAACTCCACCT
G31851.1	ACTTGGCTCATACACCCTCACA
G41366.1	CCTCCACTGACTTCCTCCCACT
G5742.2	CACAATTTCAGAGTAAG
G77526.1	GCTGCATCTATCTCCTTAAAGTCCACTCCTTACATCACCGCCACTACTGCAGC
G114172.1	ACTGTGGACCTTG
G18147.1	GCCCCCCCGGGGACTGCCCTCGGACTATGGCCGGC
G83604.5	GCACACAGCACATTCAAGGGCTTCCGGGATGACCCCACCGTGCATG
G26786.2	CCAACAAAGAACACTAACTATGCATGGTGC
G51601.2	TTGGCTAAGAAATTGACTAAAAGTTCAACACATTCTGATCATGACAATTCCACTTCCCTC
G361.1	TGTAGACTTTCTCTAAAGCCGCCCGCCAGCCCAGGC
G9386.3	CTGCTGGAGTTGGTCGGGGAATCTGGTAATAACACCAG
G18879.2	CTGAAGGCCTTTTCCAGCAGCTGGGAGCTC
G26396.2	ACTGAGCCCTTGGTTGAACTTCCCACCGAACCCTTGGCTGAGCCACCCG
G55565.2	GCTACGGACTTGCGGACG
G114564.3	AAGACCCGCAGCCTGGACTATG
G17673.2	CCACCTGGCCGTGCCCCTCGACGGCCCCTGCTTG
G79036.1	ACTACTCCTACCTGGAGATGGA
G78559.1	AAACGGCACAGACACCAATCACTCACAGAACAGT
G77088.1	CCTCCTCTCTAAACTCTGGC
G18991.2	GCCCATCTTCAAAA
G86177.1	ACGCCCCCCAGCCCCACAGCCTCCCTGCCCAAACTTCCCACTACCT
G44452.1	GTGAAAACTCTGGTACGAATCTCATCCCTCAACTG
G45856.2	CGCTACAGCCGCTACACGAGCATCC
G107094.1	TAACTGCAACTCCAGTAATAACA
G101700.1	TTGGATTCCTGACAGGACGGTTCTGCGGCCCCGGATTTCCCACAACT
G78882.3	GTCCTTCGTTCCCTCCCTCATCCTGTC
G1468.3	AACGGAGAGCCCCACTTCCTACCA
G25673.2	TCTGCCTACAAAGACCCTATACTCTCAGT
G13983.2	AGGACACAGCACTGGACTTGCTCTGTTTGCACA
G83575.1	CAAAGGTGGAGGTTCCAGGATGGCA
G30760.1	GTCCCCCATCCTATACCATCAGTATAGT
G59931.1	CCTGACCTTCCCGAGCCCGTGGGGGTGGGGGAGGCCAGCCACCTCCTTCCTCT
G76566.2	GCTCCACACCCCATGGACACTG
G80384.3	TGCAGACGAACTGGACGACTC
G116897.1	CCACTCATTCTGACACACATCTACCTGCT
G1038.2	TGAGGCTGACTTTGACTCGGC
G111666.1	GCAGATCTCCCTCTTCCAGGCCATGCAGAAGGACCTCATCGTC
G52634.1	TTAAAACACATTCCCGCCCGCCCACAGG
G111203.3	AATTTATATTCCGGCACTTG
G18069.7	CCTCACTATGACACT
G84987.2	CAACAACTCGTGGCCGCTACCGCAGCCTCCCTCAC
G49236.1	CTGCTCCCCGTTTCCACTCCTCTTCAGCTTGTGCC
G40007.5	TGGTGACACTGGCCTAGGGCCTGACACTCTC
G70597.2	AAGGGACTCTTTCCCCTGCACAC
G92205.1	CCATCAGGGCTAACCACTTCACACCTACCATCGTCCCATGGGGATCC
G103701.1	GTTCTGCATTAAGCCCCAGGTTCTCTTCTG
G10884.2	TGGGCCTGGCTTGGCTGTCCCCTACCTGTGTCCCCGGG
G18276.1	TATACCTACTACATCCCTTCCTG
G91333.1	TTTGACACTGAGACTGATGGCTACTTCTCTGAT
G101257.1	AACCTAACAATACCTGCCTCTCTGGACC
G81368.3	CGGACCAACTCC
G106517.1	CTGCACCTGCGTCCACGATCAA
G99620.3	CACCCTCAGTCTCACCCCCGGGCTGTCTCACTCTCTGGAGCCTCTCCTTCCTG
G89019.2	ATCGTATTGCTCTGGACCTCATATCT
G31486.1	TGAACATACTTCATCGCAGTG
G38712.1	GCTCCCTTTCTGCTTCGG
G38712.3	TCTATCCCTTTTCCTAGCTAG
G3691.2	CTCTCCTCACCCAGTCCCACATCGTTCCCTTTT
G117451.2	TGTCCCCTGCCTCTTAACTCCACCACGGAAG
G81392.1	CCTCTCTCTGGCCTTTAGGGAGTCCCCTCTTAGGACAGGCAC
G108708.3	CAACTTCAGCATTTTGGCAAATGACTT
G34957.2	GTACTCGCTGC
G2848.1	TAAGATTACATACCTCCTTCATAAAAACCTG
G63912.1	ACTGTCCATCCCTCCTATCATCTGTAGAGCAGAGCACAGGC
G114868.1	GTGGGCTTCCAAGTTCTCAACGCTATCGAG
G18350.2	CCTGCTTCCCTTCCCCACTTATCCCCC
G34314.1	AGGCCATCCACAACTACCTGCTGTC
G83783.1	AGACTCAATTGGAACTCAGCTTTTCTAACTGTCAC
G83940.3	CACCACACAAGACCTGGTCTACATCGACCCCAGC
G1468.19	CCTCCACCTCCACCACAGC
G73334.2	CACACGACGGAATGGATACTGGGCCCGGGGACCACTTTCATACT
G109941.1	ACCTGTGGATTTCAGGACTGTG
G7591.1	GCTACTATATCCAGAGCTCTGAGTAGACTGTCC
G5053.1	TCGCCCCGCGCTTCCCCCTCGTCCTGCTCGTCCC
G74508.2	GAGAATCGGACTTCCAGTCAAAACCCT
G54405.2	GGGCACCAACATTCTGCC
G51905.1	CTCCCTGTTTTCTTCTGTCCCGTC
G1285.3	TCTCGGGGCAGTTGGACCTATCTCCATACCCCGAGAG
G65679.1	CATCAACTTCCAGC
G21048.2	TACCCAGTCTCAGGCCTG
G40765.1	CTGTGTCATCCGGCACCCGCGGACCTTTCTCAGCAAG
G80382.6	GTGACGGGCTCTGGCAGTTGTCGGCACCTACAGTTTATCCCTGTGGTACCA
G10293.4	GTAAATGTAGACGAGGAGGACTATGAGCTGGGCCGACAGAA
G25835.2	CTCTACCCCTTCCCT
G7009.1	AGTGCCTTCTTTAGACCCTCGGGCCCCATCCTCATCCC
G82287.1	ACTCACTCTACAACTCGCC
G33445.1	GCTGTCACTTCTTCACCTCTTCCACTCCTTCTCTCAC
G115714.2	CCCCTCCTCTCCCGGCGGCCGCC
G52483.2	ATGTGATCCTGGGACATGTACTCCAAGCCT
G102341.3	AAAGTATCTCTTAAACACTGATCTTGGCAGGGACGGAACTCCTATTCAG
G10384.1	TGCCTACTTCCCTACTG
G40005.8	GCTCGCCTACCTC
G26783.2	TGCCCAACCCTTCCCTCACCTTGGCACCAGACA
G15534.2	AGCCCCCCACCTCTCTTTATTCTCT
G4248.10	TGCCCCAGCCTCCTGGGCCTGCCCTTCCCTCTTCTTCGG
G46647.1	ACCACTAAATCTCCAAGACCTG
G22337.2	ATCTTGGGGACCTACAAGGGCCTG
G48179.1	TCTGCCACCTCCTTGGACTCCTCAAACTTCTCCAGCG
G74897.1	CTCACCCCCCCTCTAGGGACCCACAA
G38746.4	AGGACTCACTCCTCTCAGCACCACCGCGCCG
G26460.1	CAGTTTGGCTAGTGAACTTAAAGGCTCCC
G43697.2	CGAGGACTAAGTGTGGGGGAGAGGGGA
G7195.3	TCACAGGGGTTGGCGAACTGGTCCTGG
G664.1	ATGGCTGGGGCTCTCCGTGGTGT
G78559.3	TAGGCCCTGCTCCTCCTTCACT
G103423.1	TGTAAATAATTTTAAATAACCTCT
G3000.4	AAGCACCGGACAACTGCTCCCACTGAGGGAAAAAG
G63699.1	GGCACGGCTCCCCCTCCT
G18108.2	TCAGGACCCCTCTGGCTGTGTCG
G108372.2	CTGAACAAGTCTGTCTCCATCATGCT
G81388.2	CTGACTCTTCTGGTTGGGCTTAG
G16874.2	CTCTCGTATTTCTGAG
G97004.6	TTACACCATGGCCATAGCCATGGCTACTCCCATGAGA
G44450.5	GTGCTGGGTTCCCACTC
G35890.1	TCTCTGACTTTCGCAATATGGGTCACT
G52235.1	TTATTTTCCACAT
G110522.1	CTCCGTCTTCTGAATTCATCTCTACAGG
G43384.1	CCAGCTTTTGGAGAACCTGGATGGCCTTAGGGTT
G11509.1	GCTGGACATCTCTCTTTCTACAG
G104009.1	GGGGCCGAATCTGGACGGCTCTGGCCTCCTCCCCAGACCCATC
G76374.2	CAAAAGACTTAAGACTGT
G76036.2	CTTCCTCTCCCTTCGGACTCACAGCCTT
G57131.1	CTCGTTCTCCGCTGGACTCAGAAGCCAAGC
G10285.2	CCCTTTCCTTCACTGCCCCACTTCTG
G46816.1	CAGACTCTTCCTGTTCCTTTCT
G75360.2	CCCTGTTCCCACAAACT
G64685.1	CTCCAGGACCATTTATG
G21081.1	AAAACACTTTGGGGTCACAATGCCCAGGACCGAAGAC
G36521.1	CGACACCCGAGCCCGTCCTCAGGAAGCCCGTTACTACTGCTCCTCGGATTCCGTCTCTCCTGCCCAATGTGACTC
G102291.3	ACTTTCGTCTCCCTCAGCCGGAGGTGGCAA
G89324.1	ATAACCCCTGTTCCTTCTGGACA
G68974.1	CCAGAACGGCACTCTTCATGCCCCGCCCCTCTACAATCATTACTCCTGACACACGGC
G35235.2	ACTCTCCTCCAGAG
G59932.1	CCATCATCACAGACGCCTCCTTCCTGTCCGGCCTG
G51647.1	ATACAGAATGAAAGG
G40112.1	ACTGCTCAGTCCCGCTCTCCTACCACACCCACCTTTCCCGGCCCAAGCCAGCGCACCCCG
G61644.1	AACAGAAACACAAAACTTTGACTTGA
G80382.3	CACTGCCCTTGGAGCCCTGCCCCAAGGAGCAGATCGCTGGGCTGAGCCGCCGGATCGCTGAGGA
G74432.6	GCTGCTAATACCTT
G105051.1	ATGGCACAGGGCTTGTACAACCACTCCACCACAGCCAAGGAGGG
G48463.1	TGCAGTCACTGGGCAGCCACAT
G25536.2	ATGGCCTCAAGTCTCTCTCCCT
G82721.1	CTACGCAACAACAAACCATTTCTCAATCGGA
G40977.1	GGACCCGGACTCCTACAACATG
G84987.3	CTACGGCTACCTGGCGC
G47153.1	CGGCCAGAACCACTCCGAGGACGGAG
G57036.1	AAGACCCCAGGCGCCCGCGCTGCACCTGCGACTGTCGCCGCCGCCG
G22595.4	CCTTCATCATCGGACTGGACGGGAGCACAGGGCCCAC
G47226.3	GGGCAAAGGGGACTTTTTACA
G96047.3	CAGACTCTCTCTCCAGACAGACAG
G116922.4	TCCGGCTTCTCGGGGCTGGTGAGCCGACAGCCGGACTCCT
G116922.3	CTCAACGGGCAGCTGTGCGCCAAGCAGGCGCTCGCCAGCCTCGGCGCCTGGACTCGA
G5133.1	CTAGAACCTTTTTTCTCCCCGACTC
G38904.1	CCAGACTCCGGCATTTCCTCCCCGCTAGCTGGCGCGGCCTC
